제목,날짜,내용,href
만족뿐인 제주 맛집 공유,2021.11.19.,"지난 주말 친구들과 제주여행을 떠났다가 이름알려진 제주 맛집에 갔다왔어요. 전복뚝배기부터 고등어조림,쌈밥 등 풍성한 음식에 아름다운 바다풍경까지 감상할 수 있었던 식당으로 만족스러웠던 곳이랍니다. 1....",https://blog.naver.com/tok4/222573156818
또 생각났던 제주 맛집,2021.12.02,제가 시킨 제주 비빔국수는 갖은 야채들이 그릇에 알록달록 예쁘게 가득 채워져 있었는데요. 제주 맛집 먹돌만의 특제 소스가 짜지않아 적당히 맵고 달콤하여 애기 입맛인 제 입에도 딱 맞더라구요. 이번엔 돔베고기를...,https://cafe.naver.com/ungsangstory/940466
북적였던 제주 맛집 리스트,2021.11.13.,"무엇보다 비린내 한번 느껴지지 않아 배가 부른 상태였음에도 쉽사리 남길 수가 없었던 제주 맛집이었어요. 2. 도토리키친 본점 메뉴 : 청귤소바 9,000원, 톳유부초밥 3ps 6,000원 주소 : 제주 제주시 북성로 59 1층 번호 : 064...",https://blog.naver.com/caucommando/222564796496
감격했던 제주 맛집 소개,2021.11.15.,"얼마 전 친구들과 제주로 여행갔다가 현지인께 추천받은 제주 맛집에 다녀왔어요. 갓 잡은 듯 싱싱한 해산물과 흑돼지로 산해진미의 정석을 즐긴 곳이라 지금부터 소개할게요. 1. 순천미향 제왕 제주 삼합 85,000원 주소...",https://blog.naver.com/topnotchlady/222568948674
제주도 가볼만한곳 제주 맛집,2021.12.01,제주도 가볼만한곳 제주 맛집은 깔끔한 메뉴가 푸짐하게 나오기로 소문 난 곳이라 부담없이 알차게 먹고 왔어요. 제주달빛좋은밤 음식점은 협재해수욕장과 굉장히 가까웠는데요. 차량을 이용해서 방문한다면 3분 도보로 약...,https://cafe.naver.com/gangmok/1543161
예찬했던 소노캄 제주 맛집 모음,2021.11.12.,또 해산물은 매장에서 먹었던 것과 동일한 신선도를 자랑해 역시 소문난 소노캄 제주 맛집답단 생각이 들었네요. 이처럼 뭐 하나 흠잡을 점이 없던 곳이라 앞으로 종종 이용해 보려고요. 2. 오는정김밥 주소 : 제주...,https://blog.naver.com/monopoly15/222565611847
현지인이 소개해준 제주 맛집 추천드려보아요~,2021.11.30.,위드코로나가 시작되고 지겨웠던 가택구금에서 해방되어 씩씩하게 제주도 구석구석을 돌아다녀보았어요... 제주 맛집 포스가 느껴지는 구성입니다. 찐... 칼국수 맛집 느낌 팍 저희는 보말칼국수랑 해물칼국수을...,https://cafe.naver.com/cosmania/33668111
끊임없던 제주 맛집 리스트,2021.10.01.,"#제주맛집 #스시오타루 2. 참맛나김밥 ⊙ 열무국수 8,000원 / 햄김밥 3,500원 ⊙ 위치 : 제주 제주시 한라대학로 31번지 ⊙ 운영시간 : 09:00~17:50 ⊙ 전화 : 064-748-2654 현지인의 추천을 받아 간 참맛나김밥은 제주공항에서 차로...",https://blog.naver.com/hloveh01/222521358271
쓱싹한 제주 맛집 공유,2021.11.09.,지난 주에는 지인들이 제주에 놀러와 유명한 제주 맛집에 데려갔어요. 선도 높은 신선한 횟감과 퀄리티 좋은 스끼다시까지 푸짐하게 누릴 수 있는 곳이라 여러분께도 공유해봅니다. 1. 제주 사방팔방 가격 : 모듬회(삼치...,https://blog.naver.com/mysalangiran/222563134415
참신했던 소노캄 제주 맛집,2021.12.07,소노캄 제주 맛집에서 주문한 흑돼지모둠은 제주돼지의 다양한 부위를 한 번에 맛볼 수 있다는 남다른 메리트가 있었어요. 확실히 제주산 흑돼지라 그런지 선홍빛깔 살코기 빛깔과 윤기가 반지르르하게 흐르는...,https://blog.naver.com/dbfl8103/222589039029
고퀄이었던 제주 맛집 리스트,2021.10.08.,지난 연휴 때 친구들과 제주도에 놀러 갔을 때 요즘 인기있는 제주 맛집에 방문했어요. 비싼 몸값을 자랑하는 랍스터와 각종 갑각류를 합리적인 금액으로 즐겨 호평 가득했던 곳이랍니다. 1. 랍스타빈 주소 : 제주...,https://blog.naver.com/p1ayme/222530052850
신박했던 제주 맛집 목록,2021.12.06,"이처럼 다른 식당과는 차원이 다른 제주 맛집이라 조만간 또 들를 예정이랍니다. 2. M1971 카페 엠브릿지 메뉴 : 돌고래라떼 7,500원 주소 : 제주 서귀포시 대정읍 최남단해안로 116 , M1971 번호 : 070-4772-9714 시간 : 매일 08:00...",https://blog.naver.com/mcm2922/222588391988
만족할만한 제주 맛집 추천,2021.10.30.,만족할만한 제주 맛집 추천 몇일전 제주로 가을 나들이를 다녀왔어요. 멋진 풍경들을 구경한뒤 여러... 가성비가 워낙 좋아서 도민들도 많이 찾는 맛집이라 해장국을 좋아하시는분이라면 꼭한번쯤 가볼만한 곳입니다....,https://blog.naver.com/startsh8022/222553687200
출중했던 제주 맛집 소개,2021.08.01.,지난달 친구들과 다녀온 제주도 여행에서는 스시오마카세로 유명한 제주 맛집에 들러 알찬 식사를 했습니다. 잘 손질된 고급스러운 회와 초밥을 합리적인 가격에 먹을 수 있어서 만족했던 곳입니다. 1. 스시오타루...,https://blog.naver.com/lightsout/222452878630
탁월했던 제주 맛집 추천,2021.11.12.,싱싱한 쌈채소에 가득 싸서 먹는 제주 맛집 쌈은 역시 이번 제주여행에서 가장 기억에 남는 인상적인 맛이였어요. 마무리를 개운하게 된장찌개로 하고 싶어서 추가로 주문했는데요. 구수한 냄새가 코를 자극하면서...,https://blog.naver.com/asas0957/222565400656
제주 맛집 한경가든,2021.11.25.,오시는곳이구나 맛집의 스멜이 확! 역시 제 감이 맞았답니다 제주맛집 한경가든 은갈치조림 구이도... 믿을수없는가격입니다 제주황게라하셨고 2마리 큼직한게있었답니다 가성비 완전최고 반찬도 10종이상.돔베고기에...,https://cafe.naver.com/secretcontessa/149953
제주도 가볼만한곳 제주 맛집,2021.11.19.,얼마 전 지인들과 협재로 나들이 갔다오는 길에 미리 생각해 두었던 제주도 가볼만한곳 제주 맛집에서 식사 해결하게 되었습니다. 다양한 요리들이 푸짐하게 나오고 음식의 맛도 끝내줘서 기억에 남는 곳입니다. 이날 방문...,https://cafe.naver.com/newkidsbattle/460293
쏠쏠했던 제주 맛집 소개,2021.09.24.,"소스에 콕 찍어 음미하니 겉바속촉의 질감까지 제대로라 마지막까지 완벽했던 제주 맛집이었네요. 2. 제주순메밀막국수 메뉴 : 명태회막국수 9,000원, 샤브백숙 65,000원 주소 : 제주 서귀포시 안덕면 녹차분재로 60 번호...",https://blog.naver.com/choiceagg/222515524093
소담스럽던 제주 맛집 소개,2021.10.16.,"만족했던 제주 맛집이에요. 조만간 또 오게 될 것 같답니다 2. 매력식당 메뉴 : 화닭덮밥 7,000원, 치킨마요덮밥 7,000원 주소 : 제주 제주시 산천단동1길 20-9 1층 번호 : 0507-1305-4593 영업시간 : 11:00 - 20:30 토요일 휴무 이날...",https://blog.naver.com/0307khy/222538556655
마음뺏긴 소노캄 제주맛집 모음,2021.11.12.,"저번에 제주 해수욕장으로 놀러 갔다가 횟집으로 유명한 소노캄 제주맛집에 다녀왔는데요. 일반 횟집에서 보기 힘든 고퀄리티 횟감들을 배터지게 맛보고 돌아와 소개해볼게요. 1. 해미원 해미원 특모둠회 2人 160,000원...",https://blog.naver.com/lovely_k_mk/222565443629
화사했던 소노벨 제주 맛집,2021.10.30.,얼마 전 가족들과 소노벨 제주 맛집에서 입이 즐거운 맛은 물론 눈까지 즐겁게 만드는 호화스러운 한 끼 식사를 즐기고 왔는데요. 제주도는 특성상 해산물이 발달한 지역인만큼 다른 데서 보기 힘든 질 높은 퀄리티에...,https://blog.naver.com/prisun/222553144628
참신했던 제주 맛집 소개,2021.11.10.,"호불호가 갈리지 않는 음식을 만나보고 싶다면 제주 맛집에 방문하시길 바라요. 2. 커피스케치 메뉴 : 브라운치즈크로플 13,000원 주소 : 제주 서귀포시 안덕면 사계남로216번길 24-32 번호 : 070-4100-1118 시간 : 매일 10:00 - 18...",https://blog.naver.com/bobo3044/222563191649
유일했던 제주맛집 추천,2021.11.20.,지난 주말 가족들과 함께 제주로 여행을 갔다가 현지에 사는 친구가 제주맛집 추천을 소개해 주어 방문하게 되었어요. 합리적인 가격으로 우수한 품질의 돈육과 딱새우를 함께 맛볼 수 있기에 소개할까 해요. 1....,https://blog.naver.com/ahrdkvkfk/222572971890
놀랍던 제주 맛집 추천 모음,2021.11.18.,"얼마 전 친구들이랑 제주도로 여행을 간 김에 제주 맛집 추천 받은 곳을 다녀왔는데요. 오션뷰를 바라보며 고급요리를 맛볼 수 있었는데, 눈과 입 모두 너무나 즐거웠어요. 1. 아라다이닝 메뉴 : 제주 딱새우 로제파스타...",https://blog.naver.com/vhsxm146/222571865451
제가생각하는 제주맛집이란--,2021.11.12.,매스컴에서소개된 방송..인스타..등등 그곳의 맛집 맛있죠. 그러기에 사람들이 몰리는거겠구요 제 주관적인 제주맛집은 제주 토박이(도민)분들이 서빙하주시고 만들어 주시는 그런 분위기의 집이 제주맛집같다는...,https://cafe.naver.com/jejutip/2010981
인상적인 제주 맛집 추천 리스트,2021.08.09.,"서비스는 물론 맛까지 퍼펙트해 제주 맛집 추천의 진가를 오롯이 경험하고 왔답니다. 2. 놀맨 주소 : 제주 제주시 애월읍 애월로1길 24 전화번호 : 064-799-3332 영업시간 : 10:00 - 15:00 화요일 휴무 메뉴 : 해물라면 9,000원...",https://blog.naver.com/roynmin/222463104840
믿음직한 소노벨 제주 맛집,2021.09.27.,마지막으로는 소노벨 제주 맛집 제주산 메밀 비빔냉면을 주문했어요. 비빔장도 사장님의 특제 비빔소스라 또 다시 군침이 맴돌았어요. 잽싸게 젓가락으로 면을 말아서 후루룩 면치기를 했어요. 그냥 먹어도...,https://blog.naver.com/lovelo82/222518455893
내가정한 제주 맛집 추천 소개,2021.10.13.,이처럼 식사 마지막으로 맛본 고등어동까지 모두 성공적이라 여러분들께 제주 맛집 추천드렸는데요. 머무는 내내 일행 모두의 입에서 감탄이 끊이질 않았던 곳이라 앞으로 단골 확정이에요. 2. 노라바 주소 : 제주...,https://blog.naver.com/amore_bh/222534672500
자부하는 제주맛집 추천,2021.10.14.,알려준 제주맛집 추천을 방문하였어요. 저렴한 가격으로 품질 좋은 흑돼지와 손맛이 깃든 밑반찬을 푸짐하게 맛보고 온 곳이라 소개할까 해요. 1.오멍가멍흑돼지 주소 : 제주특별자치도 제주시 이호이동 1072 전화번호...,https://blog.naver.com/mm_56/222536581380
극찬했던 소노캄제주 맛집 모음,2021.11.22.,얼마전에는 친구들과 같이 서귀포쪽에 갔다가 아는 지인분이 추천해줬던 소노캄제주 맛집을 다녀왔는데요. 식재료도 싱싱하고 구성도 만족스러웠던 곳이라 소개할게요. 1. 소노캄제주 검은여식당 메뉴 : 해녀한상 2인...,https://blog.naver.com/qlsdyd1124/222573046232
